URL,Table Name,Record ID,Field Name,Size (Bytes),Size (KB),Size (MB),Format,Cloudinary Optimized,Flagged
"https://jifilpkqppcxwinymqic.supabase.co/storage/v1/object/public/category-images/categories/1771870051422.jpg","categories","82306361-239e-4c8c-9f87-19f84fc119b6","image_url",5108018,4988.30,4.87,"image/jpeg","NO","FLAGGED (Missing f_auto,q_auto)"
"https://jifilpkqppcxwinymqic.supabase.co/storage/v1/object/public/product-images/products/1769424400150.jpg","products","5bd6386e-fc49-4f1e-a399-e8a896ca0fa7","images[0]",4869926,4755.79,4.64,"image/jpeg","NO","FLAGGED (Missing f_auto,q_auto)"
"https://jifilpkqppcxwinymqic.supabase.co/storage/v1/object/public/product-images/products/1769424582354.jpg","products","ce7e5e34-d355-4ef2-9dbe-4e3bfd18b1ff","images[0]",4587713,4480.19,4.38,"image/jpeg","NO","FLAGGED (Missing f_auto,q_auto)"
"https://res.cloudinary.com/dmj0smemf/image/upload/v1783593526/file_00000000874471fdbd68620c7c282d8d_rylxao.png","products","76d1672d-da58-41ae-a957-1fe5416279ab","images[0]",2690933,2627.86,2.57,"image/png","NO","FLAGGED (Missing f_auto,q_auto)"
"https://res.cloudinary.com/dmj0smemf/image/upload/v1783593523/file_00000000c84471f8a06f8fc5ec7afce8_f0qf02.png","products","7b5133b5-2205-4b0c-90a6-8435c969dfcd","images[0]",2511034,2452.18,2.39,"image/png","NO","FLAGGED (Missing f_auto,q_auto)"
"https://res.cloudinary.com/dmj0smemf/image/upload/v1783593523/file_00000000204071fd8f39455a396b7ab5_wuwzl2.png","products","1d457f5e-75a9-4d05-811a-949eb5b0e30f","images[0]",2483243,2425.04,2.37,"image/png","NO","FLAGGED (Missing f_auto,q_auto)"
"https://jifilpkqppcxwinymqic.supabase.co/storage/v1/object/public/category-images/categories/1771872672651.png","categories","fa311e48-220c-4b1d-955c-4f58bfb536b1","image_url",2238122,2185.67,2.13,"image/png","NO","FLAGGED (Missing f_auto,q_auto)"
"https://jifilpkqppcxwinymqic.supabase.co/storage/v1/object/public/category-images/categories/1771960919187.png","categories","0fdbe616-02f8-4e45-a61c-7800c663e3f8","image_url",2169131,2118.29,2.07,"image/png","NO","FLAGGED (Missing f_auto,q_auto)"
"https://jifilpkqppcxwinymqic.supabase.co/storage/v1/object/public/category-images/categories/1771871836765.png","categories","df22b087-0b08-41df-92a8-b5051976c01c","image_url",2119947,2070.26,2.02,"image/png","NO","FLAGGED (Missing f_auto,q_auto)"
"https://jifilpkqppcxwinymqic.supabase.co/storage/v1/object/public/category-images/categories/1771872966657.png","categories","6f39311c-a615-4e2a-9cee-aa9a1459c16d","image_url",2072007,2023.44,1.98,"image/png","NO","FLAGGED (Missing f_auto,q_auto)"
"https://jifilpkqppcxwinymqic.supabase.co/storage/v1/object/public/category-images/categories/1771872779822.png","categories","6399e99f-f5cd-48af-a3f2-42967923326f","image_url",2060253,2011.97,1.96,"image/png","NO","FLAGGED (Missing f_auto,q_auto)"
"https://jifilpkqppcxwinymqic.supabase.co/storage/v1/object/public/category-images/categories/1771872387437.png","categories","b4f352a2-aed7-41f4-aa59-7d4c5047577d","image_url",1967222,1921.12,1.88,"image/png","NO","FLAGGED (Missing f_auto,q_auto)"
"https://res.cloudinary.com/danag6hn5/image/upload/q_auto/f_auto/v1775412896/DSC08524.jpg","products","74c3723c-1c27-4f19-8622-4935272d838c","images[0]",1352789,1321.08,1.29,"image/jpeg","YES",""
"https://res.cloudinary.com/danag6hn5/image/upload/q_auto/f_auto/v1775412897/DSC08529.jpg","products","44b5b2d6-4eaf-4647-bb66-85a9bee32c86","images[0]",1332675,1301.44,1.27,"image/jpeg","YES",""
"https://res.cloudinary.com/danag6hn5/image/upload/q_auto/f_auto/v1775412915/DSC08534.jpg","products","94088d5b-42ea-4813-a5d6-c71038f8c5a1","images[0]",1267585,1237.88,1.21,"image/jpeg","YES",""
"https://res.cloudinary.com/danag6hn5/image/upload/q_auto/f_auto/v1775412925/DSC08022.jpg","products","e52775c6-a451-40a8-a368-374b397b9f38","images[0]",1181483,1153.79,1.13,"image/jpeg","YES",""
"https://res.cloudinary.com/danag6hn5/image/upload/q_auto/f_auto/v1775412968/Namkeen_Kaju_Samosa.jpg","products","4ba84b3a-8c11-4a55-ad93-549479c0390e","images[0]",1088720,1063.20,1.04,"image/jpeg","YES",""
"https://res.cloudinary.com/danag6hn5/image/upload/q_auto/f_auto/v1775412968/Namkeen_Kaju_Samosa.jpg","products","197ac33d-cf33-4d32-ac14-4ef8417014b1","images[0]",1088720,1063.20,1.04,"image/jpeg","YES",""
"https://res.cloudinary.com/danag6hn5/image/upload/q_auto/f_auto/v1775412895/DSC07947.jpg","products","677c5cfb-aba0-4a36-abd9-283d9ce61999","images[1]",1083248,1057.86,1.03,"image/jpeg","YES",""
"https://res.cloudinary.com/danag6hn5/image/upload/q_auto/f_auto/v1775412946/Gur_Mini_Mathri.jpg","products","c336536e-bf1c-41d4-81e3-d912715372bb","images[0]",1059362,1034.53,1.01,"image/jpeg","YES",""
"https://res.cloudinary.com/danag6hn5/image/upload/q_auto/f_auto/v1775412946/Gur_Mini_Mathri.jpg","products","8681f027-784d-4d8d-bcbd-4bf3a5176353","images[0]",1059362,1034.53,1.01,"image/jpeg","YES",""
"https://res.cloudinary.com/danag6hn5/image/upload/q_auto/f_auto/v1775412930/Masala_Aloo_Laccha.jpg","products","c7289928-95a7-4858-aee9-04aec7d2ceb7","images[0]",1056526,1031.76,1.01,"image/jpeg","YES",""
"https://res.cloudinary.com/danag6hn5/image/upload/q_auto/f_auto/v1775412960/Meethi_Mini_Mathri.jpg","products","8783bd05-6870-4c35-a364-126e630c59c0","images[0]",1052773,1028.10,1.00,"image/jpeg","YES",""
"https://res.cloudinary.com/danag6hn5/image/upload/q_auto/f_auto/v1775412960/Meethi_Mini_Mathri.jpg","products","cf24a745-0360-406f-9fe4-90fc7865acb7","images[0]",1052773,1028.10,1.00,"image/jpeg","YES",""
"https://res.cloudinary.com/danag6hn5/image/upload/q_auto/f_auto/v1775412962/Plain_Bhujiya.jpg","products","889900bc-77ca-4746-8814-47dded03bb99","images[0]",1048392,1023.82,1.00,"image/jpeg","YES",""
"https://res.cloudinary.com/danag6hn5/image/upload/q_auto/f_auto/v1775412902/Masala_Namakpara.jpg","products","27e3a017-fe5b-4ff6-8881-b631100ab312","images[0]",917530,896.03,0.88,"image/jpeg","YES",""
"https://res.cloudinary.com/danag6hn5/image/upload/q_auto/f_auto/v1775412902/Masala_Namakpara.jpg","products","6e14ba3d-5844-41ab-8b0f-9487e2221589","images[0]",917530,896.03,0.88,"image/jpeg","YES",""
"https://res.cloudinary.com/danag6hn5/image/upload/q_auto/f_auto/v1775412919/Masala_Chiwda.jpg","products","fad0110a-27a8-43ba-ac6f-5242794eaeab","images[0]",892093,871.18,0.85,"image/jpeg","YES",""
"https://res.cloudinary.com/danag6hn5/image/upload/q_auto/f_auto/v1775412909/Bikaneri_Khasta.jpg","products","24d09bd2-b226-4dc6-92c3-36d605255720","images[0]",887929,867.12,0.85,"image/jpeg","YES",""
"https://res.cloudinary.com/danag6hn5/image/upload/q_auto/f_auto/v1775412951/Shakkar_Para.jpg","products","9bf2526b-2bab-40b0-b300-bc516ebf8c45","images[0]",887390,866.59,0.85,"image/jpeg","YES",""
"https://res.cloudinary.com/danag6hn5/image/upload/q_auto/f_auto/v1775412951/Shakkar_Para.jpg","products","85831d1c-4145-4c83-81bc-7a06ca96bcd2","images[0]",887390,866.59,0.85,"image/jpeg","YES",""
"https://res.cloudinary.com/danag6hn5/image/upload/q_auto/f_auto/v1775412951/Shakkar_Para.jpg","products","be30bdfa-0c1e-4e07-879f-267a41d68976","images[0]",887390,866.59,0.85,"image/jpeg","YES",""
"https://res.cloudinary.com/danag6hn5/image/upload/q_auto/f_auto/v1775412947/Laiya_Laddu.jpg","products","55d0058e-3fe5-42e5-82b9-b4ed332f8b59","images[0]",877326,856.76,0.84,"image/jpeg","YES",""
"https://res.cloudinary.com/danag6hn5/image/upload/q_auto/f_auto/v1775412947/Laiya_Laddu.jpg","products","74b2534c-770c-4f85-8f05-c427ad5414e3","images[0]",877326,856.76,0.84,"image/jpeg","YES",""
"https://res.cloudinary.com/danag6hn5/image/upload/q_auto/f_auto/v1775412919/Mini_Samosa.jpg","products","512447a5-4120-47bd-9498-fed6e2e90210","images[0]",872807,852.35,0.83,"image/jpeg","YES",""
"https://res.cloudinary.com/danag6hn5/image/upload/q_auto/f_auto/v1775412894/Achari_Mathri.jpg","products","c15c59c2-9d75-48aa-9f3a-5da8ad55ebf0","images[0]",858526,838.40,0.82,"image/jpeg","YES",""
"https://res.cloudinary.com/danag6hn5/image/upload/q_auto/f_auto/v1775412894/Achari_Mathri.jpg","products","064e881b-7c3b-4abe-9a3a-d6f5a7a7c1dd","images[0]",858526,838.40,0.82,"image/jpeg","YES",""
"https://res.cloudinary.com/danag6hn5/image/upload/q_auto/f_auto/v1775412936/Aloo_Bhujiya.jpg","products","cf6321f3-9af1-4b8a-be03-edd7553f4b8a","images[0]",858492,838.37,0.82,"image/jpeg","YES",""
"https://res.cloudinary.com/danag6hn5/image/upload/q_auto/f_auto/v1775412911/DSC08003.jpg","products","ad692a6c-1e70-4d35-9308-79c748ce0f12","images[0]",857824,837.72,0.82,"image/jpeg","YES",""
"https://res.cloudinary.com/danag6hn5/image/upload/q_auto/f_auto/v1775412932/Pudina_Chips.jpg","products","65370b2d-64fd-42fc-a12e-455f51f9c464","images[0]",830330,810.87,0.79,"image/jpeg","YES",""
"https://res.cloudinary.com/danag6hn5/image/upload/q_auto/f_auto/v1775412921/Testy_Dalmot.jpg","products","85fe4220-21a0-4473-8d8c-5d929fb4dbae","images[0]",826355,806.99,0.79,"image/jpeg","YES",""
"https://res.cloudinary.com/danag6hn5/image/upload/q_auto/f_auto/v1775412935/Tomato_Chips.jpg","products","9143d94a-587e-4d53-9f09-f634c3c75fd9","images[0]",823279,803.98,0.79,"image/jpeg","YES",""
"https://res.cloudinary.com/danag6hn5/image/upload/q_auto/f_auto/v1775412963/Ratlami_Sev.jpg","products","bb37e34e-344c-4eda-b9b4-30afeb1a5398","images[0]",822220,802.95,0.78,"image/jpeg","YES",""
"https://res.cloudinary.com/danag6hn5/image/upload/q_auto/f_auto/v1775412920/Namakpara.jpg","products","6f79dd90-82d3-4453-8d27-a46a1212928f","images[0]",816029,796.90,0.78,"image/jpeg","YES",""
"https://res.cloudinary.com/danag6hn5/image/upload/q_auto/f_auto/v1775412935/Til_Mathri.jpg","products","831ca806-cf66-4769-a9f1-1b7b7ce8244b","images[0]",815909,796.79,0.78,"image/jpeg","YES",""
"https://res.cloudinary.com/danag6hn5/image/upload/q_auto/f_auto/v1775412935/Til_Mathri.jpg","products","84c2ba01-2646-4002-98c1-bf9202d82363","images[0]",815909,796.79,0.78,"image/jpeg","YES",""
"https://res.cloudinary.com/danag6hn5/image/upload/q_auto/f_auto/v1775412900/Gujrati_Cornflakes.jpg","products","75d817f9-14ef-4c59-86a6-4f5e2c4e06fd","images[0]",805065,786.20,0.77,"image/jpeg","YES",""
"https://res.cloudinary.com/danag6hn5/image/upload/q_auto/f_auto/v1775412903/Ajwain_Mathri_.jpg","products","cb689a23-8211-4e92-9dc2-d4f31b72b00c","images[0]",802858,784.04,0.77,"image/jpeg","YES",""
"https://res.cloudinary.com/danag6hn5/image/upload/q_auto/f_auto/v1775412903/Suji_Mathri.jpg","products","c08bb9bc-54a4-4489-8fb3-0be93b694d14","images[0]",802858,784.04,0.77,"image/jpeg","YES",""
"https://res.cloudinary.com/danag6hn5/image/upload/q_auto/f_auto/v1775412922/DSC07948.jpg","products","03b5d77b-aed3-43cd-81f6-96b7d9a1a458","images[1]",802664,783.85,0.77,"image/jpeg","YES",""
"https://res.cloudinary.com/danag6hn5/image/upload/f_auto,q_auto/Meetha_Namak_Para.jpg","products","c6ca87e0-5c9c-4b82-b07f-74a78a4acc44","images[0]",801830,783.04,0.76,"image/jpeg","YES",""
"https://res.cloudinary.com/danag6hn5/image/upload/q_auto/f_auto/v1775412947/Meetha_Namak_Para.jpg","products","74522513-97d4-4aaa-85b8-63fb72cab931","images[0]",801830,783.04,0.76,"image/jpeg","YES",""
"https://res.cloudinary.com/danag6hn5/image/upload/q_auto/f_auto/v1775412964/DSC07955.jpg","products","03b5d77b-aed3-43cd-81f6-96b7d9a1a458","images[0]",800740,781.97,0.76,"image/jpeg","YES",""
"https://res.cloudinary.com/danag6hn5/image/upload/q_auto/f_auto/v1775412922/Besan_Gathiya.jpg","products","657e6fe9-d266-4ad5-9194-64f683a8ac38","images[0]",800327,781.57,0.76,"image/jpeg","YES",""
"https://res.cloudinary.com/danag6hn5/image/upload/q_auto/f_auto/v1775412939/DSC07994.jpg","products","4101efd2-34cc-4462-ad59-d5ffccfae81d","images[0]",797721,779.02,0.76,"image/jpeg","YES",""
"https://res.cloudinary.com/danag6hn5/image/upload/q_auto/f_auto/v1775412918/Kanpuri_Mixture.jpg","products","85bd56a1-ac4b-4df8-bda7-7827a8b3f84e","images[0]",794837,776.21,0.76,"image/jpeg","YES",""
"https://res.cloudinary.com/danag6hn5/image/upload/q_auto/f_auto/v1775412951/Bhakar_Badi.jpg","products","b2feb435-7d70-4a16-8870-b4851878d0d5","images[0]",792967,774.38,0.76,"image/jpeg","YES",""
"https://res.cloudinary.com/danag6hn5/image/upload/q_auto/f_auto/v1775412951/Bhakar_Badi.jpg","products","91df6146-4b50-4e78-a69c-1efb6d696ebe","images[0]",792967,774.38,0.76,"image/jpeg","YES",""
"https://res.cloudinary.com/danag6hn5/image/upload/q_auto/f_auto/v1775412951/Bhakar_Badi.jpg","products","07ad330e-4d18-4a44-a168-ce3b90e6c1a5","images[0]",792967,774.38,0.76,"image/jpeg","YES",""
"https://res.cloudinary.com/danag6hn5/image/upload/q_auto/f_auto/v1775412930/Kashmiri_Mixture.jpg","products","53465121-52c1-47eb-bf6e-85c841bc0d2d","images[0]",785961,767.54,0.75,"image/jpeg","YES",""
"https://res.cloudinary.com/danag6hn5/image/upload/q_auto/f_auto/v1775412930/Kashmiri_Mixture.jpg","products","e9824b51-7873-4c0e-a6e1-f8e78cc45602","images[0]",785961,767.54,0.75,"image/jpeg","YES",""
"https://res.cloudinary.com/danag6hn5/image/upload/q_auto/f_auto/v1775412917/Hing_Sev.jpg","products","8c540dcb-38e4-49ba-80d9-4e39041cdc6c","images[0]",785796,767.38,0.75,"image/jpeg","YES",""
"https://res.cloudinary.com/danag6hn5/image/upload/q_auto/f_auto/v1775412932/Plain_Aloo_Laccha.jpg","products","20ca5cf1-4663-416f-ac80-1cea9496ae49","images[0]",785497,767.09,0.75,"image/jpeg","YES",""
"https://res.cloudinary.com/danag6hn5/image/upload/q_auto/f_auto/v1775412963/Aata_Namakpara.jpg","products","cd5136d1-1e5e-436b-b11a-c95099af5d68","images[0]",784987,766.59,0.75,"image/jpeg","YES",""
"https://res.cloudinary.com/danag6hn5/image/upload/q_auto/f_auto/v1775412963/Aata_Namakpara.jpg","products","6010c223-f144-4189-b122-e644d063de5b","images[0]",784987,766.59,0.75,"image/jpeg","YES",""
"https://res.cloudinary.com/danag6hn5/image/upload/q_auto/f_auto/v1775412901/Lehsun_Sev.jpg","products","df5b3ed4-9dcd-44a3-8a4c-3b1504c387d5","images[0]",784320,765.94,0.75,"image/jpeg","YES",""
"https://res.cloudinary.com/danag6hn5/image/upload/q_auto/f_auto/v1775412934/Sada_Chiwda.jpg","products","a8b495ad-dc4f-489b-a2e3-64d8e7bc6b1d","images[0]",782179,763.85,0.75,"image/jpeg","YES",""
"https://res.cloudinary.com/danag6hn5/image/upload/q_auto/f_auto/v1775412945/Fifty_Fity.jpg","products","92171aec-eaff-4aae-9cc1-a1b803be72c3","images[0]",773598,755.47,0.74,"image/jpeg","YES",""
"https://res.cloudinary.com/danag6hn5/image/upload/q_auto/f_auto/v1775412945/Fifty_Fity.jpg","products","33727199-5ce3-4f57-9d64-f49920fcb5a8","images[0]",773598,755.47,0.74,"image/jpeg","YES",""
"https://res.cloudinary.com/danag6hn5/image/upload/q_auto/f_auto/v1775412935/Veg_Mathri.jpg","products","0d48f4db-3840-4d2e-a303-590b1f374b26","images[0]",772785,754.67,0.74,"image/jpeg","YES",""
"https://res.cloudinary.com/danag6hn5/image/upload/q_auto/f_auto/v1775412935/Veg_Mathri.jpg","products","d47ba284-983d-47c9-b52e-36861bb73780","images[0]",772785,754.67,0.74,"image/jpeg","YES",""
"https://res.cloudinary.com/danag6hn5/image/upload/q_auto/f_auto/v1775412939/DSC08015.jpg","products","f31f1216-4bb4-46d9-a661-bf54311749e2","images[0]",768571,750.56,0.73,"image/jpeg","YES",""
"https://res.cloudinary.com/danag6hn5/image/upload/q_auto/f_auto/v1775412931/Methi_Mathri.jpg","products","ad650465-9c7c-45c8-9779-e5f297018f7b","images[0]",758163,740.39,0.72,"image/jpeg","YES",""
"https://res.cloudinary.com/danag6hn5/image/upload/q_auto/f_auto/v1775412931/Methi_Mathri.jpg","products","8054d9a2-6a49-4c56-bbe2-4f746297db66","images[0]",758163,740.39,0.72,"image/jpeg","YES",""
"https://res.cloudinary.com/danag6hn5/image/upload/q_auto/f_auto/v1775412911/DSC08019.jpg","products","710ad80c-74ce-4226-9fc8-d3d7ee3231d4","images[0]",755112,737.41,0.72,"image/jpeg","YES",""
"https://res.cloudinary.com/danag6hn5/image/upload/q_auto/f_auto/v1775412894/Alsi_Mathri.jpg","products","8246add8-61fa-42e1-8279-80315709af49","images[0]",752926,735.28,0.72,"image/jpeg","YES",""
"https://res.cloudinary.com/danag6hn5/image/upload/q_auto/f_auto/v1775412894/Alsi_Mathri.jpg","products","b54a6749-2091-4f4a-82e3-4259c9590b11","images[0]",752926,735.28,0.72,"image/jpeg","YES",""
"https://res.cloudinary.com/danag6hn5/image/upload/q_auto/f_auto/v1775412961/Mini_Patties.jpg","products","f9439f47-54c6-471f-bc43-fc79f0ed2eb0","images[0]",750801,733.20,0.72,"image/jpeg","YES",""
"https://res.cloudinary.com/danag6hn5/image/upload/q_auto/f_auto/v1775412961/Mini_Patties.jpg","products","96cb456f-9692-4445-99d8-1bde579c52a9","images[0]",750801,733.20,0.72,"image/jpeg","YES",""
"https://res.cloudinary.com/danag6hn5/image/upload/q_auto/f_auto/v1775412961/Mini_Patties.jpg","products","fdae409d-c796-4794-ae37-31e2c1e2bb08","images[0]",750801,733.20,0.72,"image/jpeg","YES",""
"https://res.cloudinary.com/danag6hn5/image/upload/q_auto/f_auto/v1775412961/Mini_Patties.jpg","products","a592a857-cfa8-41e6-85d9-1302b16ea38e","images[0]",750801,733.20,0.72,"image/jpeg","YES",""
"https://res.cloudinary.com/danag6hn5/image/upload/q_auto/f_auto/v1775412908/Aloo_Mathri.jpg","products","c5140e49-96ad-417c-8c9a-82ba86c94143","images[0]",748995,731.44,0.71,"image/jpeg","YES",""
"https://res.cloudinary.com/danag6hn5/image/upload/q_auto/f_auto/v1775412908/Aloo_Mathri.jpg","products","fd122502-2d24-42ba-bbfd-f25fb4d2d551","images[0]",748995,731.44,0.71,"image/jpeg","YES",""
"https://res.cloudinary.com/danag6hn5/image/upload/q_auto/f_auto/v1775412910/DSC07995.jpg","products","4101efd2-34cc-4462-ad59-d5ffccfae81d","images[1]",745860,728.38,0.71,"image/jpeg","YES",""
"https://res.cloudinary.com/danag6hn5/image/upload/q_auto/f_auto/v1775412964/Besan_Sev.jpg","products","74475d37-b2b3-4abf-aa23-61971fef390d","images[0]",745336,727.87,0.71,"image/jpeg","YES",""
"https://res.cloudinary.com/danag6hn5/image/upload/q_auto/f_auto/v1775412937/Badam_Laccha_Namkeen.jpg","products","a0c33007-c1e9-41c2-813e-62156a39357f","images[0]",742911,725.50,0.71,"image/jpeg","YES",""
"https://res.cloudinary.com/danag6hn5/image/upload/q_auto/f_auto/v1775412937/Badam_Laccha_Namkeen.jpg","products","45fd775e-4313-40e9-b720-eafdfb4d0835","images[0]",742911,725.50,0.71,"image/jpeg","YES",""
"https://res.cloudinary.com/danag6hn5/image/upload/q_auto/f_auto/v1775412949/Navratan_Mixture.jpg","products","df0c0d67-205a-4a34-919b-1c5379bfe009","images[0]",742544,725.14,0.71,"image/jpeg","YES",""
"https://res.cloudinary.com/danag6hn5/image/upload/q_auto/f_auto/v1775412952/DSC07961_1.jpg","products","677c5cfb-aba0-4a36-abd9-283d9ce61999","images[0]",739028,721.71,0.70,"image/jpeg","YES",""
"https://res.cloudinary.com/danag6hn5/image/upload/q_auto/f_auto/v1775412923/DSC07972.jpg","products","2c7b86f7-f0de-4035-ad9a-de9f8166deb0","images[0]",731322,714.18,0.70,"image/jpeg","YES",""
"https://res.cloudinary.com/danag6hn5/image/upload/q_auto/f_auto/v1775412948/Namkeen_Mathri.jpg","products","aa21f68d-73a2-424a-9dce-7e8e6ef08c4b","images[0]",727767,710.71,0.69,"image/jpeg","YES",""
"https://res.cloudinary.com/danag6hn5/image/upload/q_auto/f_auto/v1775412948/Namkeen_Mathri.jpg","products","b68d6d74-4c7b-472d-9ffb-de6dd3c54d3f","images[0]",727767,710.71,0.69,"image/jpeg","YES",""
"https://res.cloudinary.com/danag6hn5/image/upload/q_auto/f_auto/v1775412948/Namkeen_Mathri.jpg","products","745236c8-c95b-485e-a728-541e73d8f9ba","images[0]",727767,710.71,0.69,"image/jpeg","YES",""
"https://res.cloudinary.com/danag6hn5/image/upload/q_auto/f_auto/v1775412950/Pudina_Mix_Desi_Ghee.jpg","products","98f96f80-d908-4dee-9b6f-44ed66a64ec3","images[0]",718901,702.05,0.69,"image/jpeg","YES",""
"https://res.cloudinary.com/danag6hn5/image/upload/q_auto/f_auto/v1775412950/Pudina_Mix_Desi_Ghee.jpg","products","d40122db-6bb7-48d6-a2a0-54259ff9895b","images[0]",718901,702.05,0.69,"image/jpeg","YES",""
"https://res.cloudinary.com/danag6hn5/image/upload/q_auto/f_auto/v1775412950/Pudina_Mix_Desi_Ghee.jpg","products","6819efd0-5b33-4cc1-878a-c366037f40a3","images[0]",718901,702.05,0.69,"image/jpeg","YES",""
"https://res.cloudinary.com/danag6hn5/image/upload/q_auto/f_auto/v1775412933/Pyaz_Mathri.jpg","products","a9847fe9-0ff8-4b94-b2e0-cf609b075ffa","images[0]",706756,690.19,0.67,"image/jpeg","YES",""
"https://res.cloudinary.com/danag6hn5/image/upload/q_auto/f_auto/v1775412933/Pyaz_Mathri.jpg","products","c8d980e8-29c6-4a18-a32b-a60ffb9195f3","images[0]",706756,690.19,0.67,"image/jpeg","YES",""
"https://res.cloudinary.com/danag6hn5/image/upload/q_auto/f_auto/v1775412909/DSC07979.jpg","products","2c7b86f7-f0de-4035-ad9a-de9f8166deb0","images[1]",678640,662.73,0.65,"image/jpeg","YES",""
"https://res.cloudinary.com/danag6hn5/image/upload/q_auto/f_auto/v1775412969/Sadi_Mathri.jpg","products","787ff44c-2b0a-4705-b75f-88a70fa1b3dc","images[0]",668006,652.35,0.64,"image/jpeg","YES",""
"https://res.cloudinary.com/danag6hn5/image/upload/q_auto/f_auto/v1775412969/Sadi_Mathri.jpg","products","827c257e-df3b-4d6d-b23b-412d5a0baaff","images[0]",668006,652.35,0.64,"image/jpeg","YES",""
"https://res.cloudinary.com/danag6hn5/image/upload/q_auto/f_auto/v1775412969/Sadi_Mathri.jpg","products","00d48609-d5fb-4563-87b6-9167e1d44ed7","images[0]",668006,652.35,0.64,"image/jpeg","YES",""
"https://res.cloudinary.com/danag6hn5/image/upload/q_auto/f_auto/v1775412929/Gur_Para.jpg","products","b073ee4d-d670-41cb-a242-b7e20c0fc881","images[0]",647843,632.66,0.62,"image/jpeg","YES",""
"https://res.cloudinary.com/danag6hn5/image/upload/q_auto/f_auto/v1775412929/Gur_Para.jpg","products","e6481e05-1fbc-4d58-bb95-ac9216c2b84a","images[0]",647843,632.66,0.62,"image/jpeg","YES",""
"https://res.cloudinary.com/danag6hn5/image/upload/q_auto/f_auto/v1775412929/Gur_Para.jpg","products","f6424f02-43ee-457e-a328-7ae14bbc2373","images[0]",647843,632.66,0.62,"image/jpeg","YES",""
"https://res.cloudinary.com/danag6hn5/image/upload/q_auto/f_auto/v1775412917/Hing_Chana.jpg","products","77e7eae2-1a52-4edb-b0fd-b19ed5871671","images[0]",627050,612.35,0.60,"image/jpeg","YES",""
"https://res.cloudinary.com/danag6hn5/image/upload/q_auto/f_auto/v1775412937/DSC07982.jpg","products","677c5cfb-aba0-4a36-abd9-283d9ce61999","images[2]",590667,576.82,0.56,"image/jpeg","YES",""
"https://res.cloudinary.com/dmj0smemf/image/upload/v1783594628/WhatsApp_Image_2026-07-03_at_13.12.49_1_tdtngp.jpg","products","2c256e27-ab5c-4509-bfd0-88742335be7c","images[2]",581814,568.18,0.55,"image/jpeg","NO","FLAGGED (Missing f_auto,q_auto)"
"https://res.cloudinary.com/danag6hn5/image/upload/q_auto/f_auto/v1775412920/Salted_Chips.jpg","products","2f319856-472d-4c02-bcf3-ebf9fc0ed0f3","images[0]",581619,567.99,0.55,"image/jpeg","YES",""
"https://res.cloudinary.com/danag6hn5/image/upload/q_auto/f_auto/v1775412949/Palak_Mathri.jpg","products","09ad53b9-8798-40c9-8e85-e708c5b96458","images[0]",570551,557.18,0.54,"image/jpeg","YES",""
"https://res.cloudinary.com/danag6hn5/image/upload/q_auto/f_auto/v1775412949/Palak_Mathri.jpg","products","46a15de3-3dbb-4d23-9c41-f06bd4a7cc42","images[0]",570551,557.18,0.54,"image/jpeg","YES",""
"https://res.cloudinary.com/danag6hn5/image/upload/q_auto/f_auto/v1775412938/DSC07983.jpg","products","03b5d77b-aed3-43cd-81f6-96b7d9a1a458","images[2]",514613,502.55,0.49,"image/jpeg","YES",""
"https://res.cloudinary.com/dmj0smemf/image/upload/v1783594628/WhatsApp_Image_2026-07-03_at_13.12.49_hn5r6s.jpg","products","2c256e27-ab5c-4509-bfd0-88742335be7c","images[0]",504930,493.10,0.48,"image/jpeg","NO","FLAGGED (Missing f_auto,q_auto)"
"https://res.cloudinary.com/danag6hn5/image/upload/q_auto/f_auto/v1775414600/Kaju_Katli.jpg","products","a3c304c6-e3fa-4004-8374-463b8068016c","images[0]",494459,482.87,0.47,"image/jpeg","YES",""
"https://jifilpkqppcxwinymqic.supabase.co/storage/v1/object/public/category-images/categories/1767543959109.png","categories","64390cf8-1745-43e8-aadb-2a1681ea1fa7","image_url",475458,464.31,0.45,"image/png","NO","FLAGGED (Missing f_auto,q_auto)"
"https://res.cloudinary.com/danag6hn5/image/upload/q_auto/f_auto/v1775412912/DSC08024.jpg","products","e52775c6-a451-40a8-a368-374b397b9f38","images[1]",474344,463.23,0.45,"image/jpeg","YES",""
"https://res.cloudinary.com/danag6hn5/image/upload/q_auto/f_auto/v1775412895/DSC08020.jpg","products","710ad80c-74ce-4226-9fc8-d3d7ee3231d4","images[1]",471785,460.73,0.45,"image/jpeg","YES",""
"https://res.cloudinary.com/dmj0smemf/image/upload/v1783594628/WhatsApp_Image_2026-07-03_at_13.12.48_em3t29.jpg","products","2c256e27-ab5c-4509-bfd0-88742335be7c","images[1]",434986,424.79,0.41,"image/jpeg","NO","FLAGGED (Missing f_auto,q_auto)"
"https://jifilpkqppcxwinymqic.supabase.co/storage/v1/object/public/category-images/categories/1783589637500.jpeg","categories","a8916712-79d8-49c4-9db7-c71e66db7610","image_url",434986,424.79,0.41,"image/jpeg","NO","FLAGGED (Missing f_auto,q_auto)"
"https://jifilpkqppcxwinymqic.supabase.co/storage/v1/object/public/category-images/categories/1767537489442.png","categories","49c8d61e-9986-4ed1-9c8a-86f2cac4d4f5","image_url",427099,417.09,0.41,"image/png","NO","FLAGGED (Missing f_auto,q_auto)"
"https://jifilpkqppcxwinymqic.supabase.co/storage/v1/object/public/category-images/categories/1767537379934.png","categories","a574f39b-c5a5-4311-95df-b081cca2043a","image_url",401797,392.38,0.38,"image/png","NO","FLAGGED (Missing f_auto,q_auto)"
"https://jifilpkqppcxwinymqic.supabase.co/storage/v1/object/public/category-images/categories/1767543943339.png","categories","c12de168-c047-4669-bf7d-a8124faea98e","image_url",377377,368.53,0.36,"image/png","NO","FLAGGED (Missing f_auto,q_auto)"
"https://res.cloudinary.com/danag6hn5/image/upload/q_auto/f_auto/v1775412967/Namkeen_Cornflakes.jpg","products","139f03ed-c3f8-4d41-bb39-040e5cc92896","images[0]",376744,367.91,0.36,"image/jpeg","YES",""
"https://jifilpkqppcxwinymqic.supabase.co/storage/v1/object/public/category-images/categories/1767537555949.png","categories","f49731cd-e5e9-400f-aa37-6d6ceb1db713","image_url",370378,361.70,0.35,"image/png","NO","FLAGGED (Missing f_auto,q_auto)"
"https://jifilpkqppcxwinymqic.supabase.co/storage/v1/object/public/category-images/categories/1767537571321.png","categories","fcd78a48-a58b-490b-b59d-4272e9735edb","image_url",357413,349.04,0.34,"image/png","NO","FLAGGED (Missing f_auto,q_auto)"
"https://res.cloudinary.com/danag6hn5/image/upload/q_auto/f_auto/v1775414600/Gulab_Rasgulla.jpg","products","5c25be56-d550-491d-a88f-67b47135521b","images[0]",340920,332.93,0.33,"image/jpeg","YES",""
"https://res.cloudinary.com/danag6hn5/image/upload/q_auto/f_auto/v1775414596/Malai_Gilori_paan.jpg","products","7810a2fe-6dbf-41ed-9026-0cee32ce25ee","images[0]",336423,328.54,0.32,"image/jpeg","YES",""
"https://res.cloudinary.com/danag6hn5/image/upload/q_auto/f_auto/v1775414606/Rasmalai.jpg","products","8272b9e9-53be-4432-83b1-f0fcbc3589d5","images[0]",332993,325.19,0.32,"image/jpeg","YES",""
"https://res.cloudinary.com/danag6hn5/image/upload/q_auto/f_auto/v1775414602/Kesar_Cup.jpg","products","2ad81088-53f2-4d5b-a0ef-d17378c1c0a7","images[0]",327897,320.21,0.31,"image/jpeg","YES",""
"https://res.cloudinary.com/danag6hn5/image/upload/q_auto/f_auto/v1775414606/Raj_Bhog.jpg","products","a58f174c-0fbe-436c-8e20-925c70df52a1","images[0]",322667,315.10,0.31,"image/jpeg","YES",""
"https://res.cloudinary.com/danag6hn5/image/upload/q_auto/f_auto/v1775414599/Chocolate_Sandesh.jpg","products","c3513ca5-3304-4e8e-b000-e672e2cce35a","images[0]",318108,310.65,0.30,"image/jpeg","YES",""
"https://res.cloudinary.com/danag6hn5/image/upload/q_auto/f_auto/v1775414606/Raja_Babu.jpg","products","2ed026c2-e116-42dd-a55e-b0baf156807b","images[0]",313562,306.21,0.30,"image/jpeg","YES",""
"https://res.cloudinary.com/danag6hn5/image/upload/q_auto/f_auto/v1775414599/Chena_paradise.jpg","products","bfc6b90c-6b27-47a1-94c8-4d1e43d59b82","images[0]",312441,305.12,0.30,"image/jpeg","YES",""
"https://res.cloudinary.com/danag6hn5/image/upload/q_auto/f_auto/v1775414598/Anjeer_Katori.jpg","products","9c5f0588-dc65-4936-8605-df11f2040727","images[0]",311709,304.40,0.30,"image/jpeg","YES",""
"https://res.cloudinary.com/danag6hn5/image/upload/q_auto/f_auto/v1775414598/Chandrakala.jpg","products","f0c915dc-cb2e-4dad-9d08-4cb17dd135bb","images[0]",304939,297.79,0.29,"image/jpeg","YES",""
"https://res.cloudinary.com/danag6hn5/image/upload/q_auto/f_auto/v1775414596/Mewa_Bite.jpg","products","0aff8626-c022-409f-97d5-05e92a9577f8","images[0]",304161,297.03,0.29,"image/jpeg","YES",""
"https://res.cloudinary.com/danag6hn5/image/upload/q_auto/f_auto/v1775414594/Chena_Sandesh.jpg","products","9d7794d9-2933-47b9-a1a4-3fec3beb30b2","images[0]",303036,295.93,0.29,"image/jpeg","YES",""
"https://res.cloudinary.com/danag6hn5/image/upload/q_auto/f_auto/v1775414595/Kaju_Roll.jpg","products","9b2c0e2e-1f37-4323-8bfa-de01b325b5f7","images[0]",302854,295.76,0.29,"image/jpeg","YES",""
"https://res.cloudinary.com/danag6hn5/image/upload/q_auto/f_auto/v1775414606/Milk_Cake.jpg","products","405ec84f-31fd-47e6-a2e0-2116b67dc236","images[0]",302435,295.35,0.29,"image/jpeg","YES",""
"https://res.cloudinary.com/danag6hn5/image/upload/q_auto/f_auto/v1775414604/Anjeer_Bite.jpg","products","32bcd885-c49b-4229-9d65-8fb75fa86b58","images[0]",302113,295.03,0.29,"image/jpeg","YES",""
"https://res.cloudinary.com/danag6hn5/image/upload/q_auto/f_auto/v1775414604/Chena_Roll.jpg","products","975ca63e-711f-455b-a1a1-4d78155d0deb","images[0]",299408,292.39,0.29,"image/jpeg","YES",""
"https://res.cloudinary.com/danag6hn5/image/upload/q_auto/f_auto/v1775414599/Chena_Paan.jpg","products","f5f7282c-917c-424e-a059-23e6d30efef1","images[0]",298190,291.20,0.28,"image/jpeg","YES",""
"https://res.cloudinary.com/danag6hn5/image/upload/q_auto/f_auto/v1775414595/Kaju_Tokanji.jpg","products","5e0cca9a-f18f-4d75-8752-992ae144b61a","images[0]",297957,290.97,0.28,"image/jpeg","YES",""
"https://res.cloudinary.com/danag6hn5/image/upload/q_auto/f_auto/v1775414603/Pista_Punch.jpg","products","ae691fda-cab8-46e6-b250-dbd284c9d6fe","images[0]",297679,290.70,0.28,"image/jpeg","YES",""
"https://res.cloudinary.com/danag6hn5/image/upload/q_auto/f_auto/v1775414606/Pineapple_Chena_2.jpg","products","9ed0c5da-0316-4593-aca0-b38939fc46d7","images[0]",296195,289.25,0.28,"image/jpeg","YES",""
"https://res.cloudinary.com/danag6hn5/image/upload/q_auto/f_auto/v1775414605/Kaju_Gujiya.jpg","products","6bd521bd-18b6-4d70-b34f-cf4402fe673f","images[0]",296132,289.19,0.28,"image/jpeg","YES",""
"https://res.cloudinary.com/danag6hn5/image/upload/q_auto/f_auto/v1775414604/Chena_Cham_Cham.jpg","products","4ab10294-2766-4d82-b39c-3ad26912f869","images[0]",291870,285.03,0.28,"image/jpeg","YES",""
"https://res.cloudinary.com/danag6hn5/image/upload/q_auto/f_auto/v1775414601/Kaju_Pista_Roll.jpg","products","19d220ea-6571-4691-a6ed-e1fdd42b756a","images[0]",291103,284.28,0.28,"image/jpeg","YES",""
"https://res.cloudinary.com/danag6hn5/image/upload/q_auto/f_auto/v1775414603/Malai_Cham_Cham.jpg","products","000c2c23-65ac-49a8-932a-4f93ff57c864","images[0]",289695,282.91,0.28,"image/jpeg","YES",""
"https://res.cloudinary.com/danag6hn5/image/upload/q_auto/f_auto/v1775414604/Anjeer_Roll.jpg","products","08559b5d-09d1-4286-ba9c-cdada444b709","images[0]",288808,282.04,0.28,"image/jpeg","YES",""
"https://res.cloudinary.com/danag6hn5/image/upload/q_auto/f_auto/v1775414602/Khoya_Roll.jpg","products","d6869bff-73aa-40cc-805b-8b318a1646df","images[0]",287630,280.89,0.27,"image/jpeg","YES",""
"https://res.cloudinary.com/danag6hn5/image/upload/q_auto/f_auto/v1775414605/Malai_Roll.jpg","products","bf1ab9d1-f9da-4b64-adf1-e40e275c4379","images[0]",287590,280.85,0.27,"image/jpeg","YES",""
"https://res.cloudinary.com/danag6hn5/image/upload/q_auto/f_auto/v1775414601/Kaju_Paan.jpg","products","597f521d-7c8b-478d-963f-54a41eef964a","images[0]",285334,278.65,0.27,"image/jpeg","YES",""
"https://res.cloudinary.com/danag6hn5/image/upload/q_auto/f_auto/v1775414602/Kesar_Peda.jpg","products","dcbabecb-f8bb-4742-af29-801917d4c502","images[0]",284332,277.67,0.27,"image/jpeg","YES",""
"https://res.cloudinary.com/danag6hn5/image/upload/q_auto/f_auto/v1775414605/Kesar_Angoori_Petha.jpg","products","cd225719-a1ed-4c0d-a9fd-d54f7875a255","images[0]",276732,270.25,0.26,"image/jpeg","YES",""
"https://res.cloudinary.com/danag6hn5/image/upload/q_auto/f_auto/v1775414594/Gulab_Jamun.jpg","products","a6db42fa-767c-479c-bd47-c9627a3c3ab7","images[0]",274903,268.46,0.26,"image/jpeg","YES",""
"https://res.cloudinary.com/danag6hn5/image/upload/q_auto/f_auto/v1775414594/Gulab_Jamun.jpg","products","7cf0d48d-2096-4a18-807a-4a754a3d3e92","images[0]",274903,268.46,0.26,"image/jpeg","YES",""
"https://res.cloudinary.com/danag6hn5/image/upload/q_auto/f_auto/v1775414598/Butterscotch_Barfi.jpg","products","9547ef43-6760-4bfd-9e7b-d53bb4f1e42b","images[0]",274254,267.83,0.26,"image/jpeg","YES",""
"https://res.cloudinary.com/danag6hn5/image/upload/q_auto/f_auto/v1775414601/Kaju_Patisha_Roll.jpg","products","22fd2ddb-5d52-4377-83ac-cee4f9fe6186","images[0]",271917,265.54,0.26,"image/jpeg","YES",""
"https://res.cloudinary.com/danag6hn5/image/upload/q_auto/f_auto/v1775414595/Kaju_Samosa.jpg","products","a0dbb8cc-1481-480a-9a1a-7fb1f30cd197","images[0]",270457,264.12,0.26,"image/jpeg","YES",""
"https://res.cloudinary.com/danag6hn5/image/upload/q_auto/f_auto/v1775414601/Kaju_Pista_Chakri.jpg","products","7ec9f63e-6f9e-4b97-8a0f-200efd6da4a3","images[0]",270039,263.71,0.26,"image/jpeg","YES",""
"https://res.cloudinary.com/danag6hn5/image/upload/q_auto/f_auto/v1775414603/Nest_Baklava.jpg","products","7266b0c0-756b-4dd9-a755-42788b39714d","images[0]",269239,262.93,0.26,"image/jpeg","YES",""
"https://res.cloudinary.com/danag6hn5/image/upload/q_auto/f_auto/v1775414605/Doda_Barfi.jpg","products","86680914-24f1-4ab9-ab43-b5a76fe604bc","images[0]",261278,255.15,0.25,"image/jpeg","YES",""
"https://res.cloudinary.com/danag6hn5/image/upload/q_auto/f_auto/v1775414596/Malai_Peda.jpg","products","550cb9a5-05e3-4d37-8271-2c4f5e4824b1","images[0]",260271,254.17,0.25,"image/jpeg","YES",""
"https://res.cloudinary.com/danag6hn5/image/upload/q_auto/f_auto/v1775414603/Longlata.jpg","products","a54f533e-f94c-4cd6-9d8e-0deb7d0d345d","images[0]",256032,250.03,0.24,"image/jpeg","YES",""
"https://res.cloudinary.com/danag6hn5/image/upload/q_auto/f_auto/v1775414604/Rolls_Baklava.jpg","products","ac19f470-6491-41dc-92c3-9d65f524df44","images[0]",250529,244.66,0.24,"image/jpeg","YES",""
"https://res.cloudinary.com/danag6hn5/image/upload/q_auto/f_auto/v1775414600/Dudh_Barfi.jpg","products","a7ad481e-a320-45bd-af5f-58815ed77221","images[0]",247047,241.26,0.24,"image/jpeg","YES",""
"https://res.cloudinary.com/danag6hn5/image/upload/q_auto/f_auto/v1775414599/Dry_Fruit_Laddu.jpg","products","9998163c-fd83-40ad-8452-aa000dd38dc0","images[0]",237864,232.29,0.23,"image/jpeg","YES",""
"https://res.cloudinary.com/danag6hn5/image/upload/q_auto/f_auto/v1775414596/Mawa_Laddu.jpg","products","84f7db17-835e-4a37-ba58-80f6ac3418a2","images[0]",236817,231.27,0.23,"image/jpeg","YES",""
"https://res.cloudinary.com/danag6hn5/image/upload/q_auto/f_auto/v1775414604/Rabri.jpg","products","15ac1491-935f-4979-81ec-b8c6c0a94b4d","images[0]",233868,228.39,0.22,"image/jpeg","YES",""
"https://res.cloudinary.com/danag6hn5/image/upload/q_auto/f_auto/v1775414595/Kesar_Karanchi_Halwa.jpg","products","8ec7e406-c98e-407a-8be6-83839b57427c","images[0]",226096,220.80,0.22,"image/jpeg","YES",""
"https://res.cloudinary.com/danag6hn5/image/upload/q_auto/f_auto/v1775414594/Gond_Laddu.jpg","products","eff8e0ad-c04a-4ae5-a199-86b9d3d76add","images[0]",221847,216.65,0.21,"image/jpeg","YES",""
"https://res.cloudinary.com/danag6hn5/image/upload/q_auto/f_auto/v1775414596/Malai_Chaap.jpg","products","a09ae295-fa2c-44f0-912f-64dc824a0a24","images[0]",218860,213.73,0.21,"image/jpeg","YES",""
"https://res.cloudinary.com/danag6hn5/image/upload/q_auto/f_auto/v1775414600/Gupchup.jpg","products","bf1b7532-c26f-444f-811a-f024eb407e07","images[0]",212609,207.63,0.20,"image/jpeg","YES",""
"https://res.cloudinary.com/danag6hn5/image/upload/q_auto/f_auto/v1775414599/Chota_Peda.jpg","products","9437394b-19b9-4b38-80ae-413146eabd79","images[0]",211713,206.75,0.20,"image/jpeg","YES",""
"https://res.cloudinary.com/danag6hn5/image/upload/q_auto/f_auto/v1775414603/Motichoor_Laddu.jpg","products","613d1cc0-e8ea-4d5f-92d2-1cab21b0d757","images[0]",210931,205.99,0.20,"image/jpeg","YES",""
"https://res.cloudinary.com/danag6hn5/image/upload/q_auto/f_auto/v1775414598/Balushahi.jpg","products","d8594f43-489a-4a9c-98f5-24b338db05fc","images[0]",209655,204.74,0.20,"image/jpeg","YES",""
"https://res.cloudinary.com/danag6hn5/image/upload/q_auto/f_auto/v1775414598/Balushahi.jpg","products","88754a4a-45ad-42f6-89df-038ef99ebb73","images[0]",209655,204.74,0.20,"image/jpeg","YES",""
"https://res.cloudinary.com/danag6hn5/image/upload/q_auto/f_auto/v1775414604/White_Rasgulla.jpg","products","76055731-027a-4596-aae2-3e5d01638de3","images[0]",208597,203.71,0.20,"image/jpeg","YES",""
"https://res.cloudinary.com/danag6hn5/image/upload/q_auto/f_auto/v1775414594/Boondi.jpg","products","6ec4554d-7cc5-435e-ba72-47097bc1791f","images[0]",197354,192.73,0.19,"image/jpeg","YES",""
"https://res.cloudinary.com/danag6hn5/image/upload/q_auto/f_auto/v1775414594/Boondi.jpg","products","b62f12ca-621c-47cc-ae64-4bdd5b39cb4a","images[0]",197354,192.73,0.19,"image/jpeg","YES",""
"https://res.cloudinary.com/danag6hn5/image/upload/q_auto/f_auto/v1775414598/Besan_Laddu.jpg","products","47d35c86-fa7d-427f-825c-b4461579c867","images[0]",192111,187.61,0.18,"image/jpeg","YES",""
"https://res.cloudinary.com/danag6hn5/image/upload/q_auto/f_auto/v1775414598/Besan_Laddu.jpg","products","de6eb8f7-6e6b-4f3d-af3b-bd32e7562d4d","images[0]",192111,187.61,0.18,"image/jpeg","YES",""
"https://res.cloudinary.com/danag6hn5/image/upload/q_auto/f_auto/v1775414598/Besan_Laddu.jpg","products","afe2b4a0-78e1-4a4b-91e3-fdc655fce8a3","images[0]",192111,187.61,0.18,"image/jpeg","YES",""
"https://res.cloudinary.com/danag6hn5/image/upload/q_auto/f_auto/v1775414598/Besan_Laddu.jpg","products","e94774fc-d4c7-4d51-bb02-387902747ea4","images[0]",192111,187.61,0.18,"image/jpeg","YES",""
"https://res.cloudinary.com/danag6hn5/image/upload/q_auto/f_auto/v1775414598/Besan_Laddu.jpg","products","8ba5fd15-6020-4c1c-a814-d6c92bd33f65","images[0]",192111,187.61,0.18,"image/jpeg","YES",""
"https://res.cloudinary.com/danag6hn5/image/upload/q_auto/f_auto/v1775414603/Pearl_Pack.jpg","products","a12587be-bc21-44ed-be38-bcb0c6c8f1f1","images[0]",189327,184.89,0.18,"image/jpeg","YES",""
"https://jifilpkqppcxwinymqic.supabase.co/storage/v1/object/public/category-images/categories/1767544339666.webp","categories","25fe9f58-122e-43d6-8cdb-514f6f1c074e","image_url",176642,172.50,0.17,"image/webp","NO","FLAGGED (Missing f_auto,q_auto)"
"https://jifilpkqppcxwinymqic.supabase.co/storage/v1/object/public/category-images/categories/1767544289496.jpeg","categories","a4d62e8a-c803-43a3-8a75-0d8e78accdca","image_url",95231,93.00,0.09,"image/jpeg","NO","FLAGGED (Missing f_auto,q_auto)"
"https://images.unsplash.com/photo-1571019614242-c5c5dee9f50b?w=150&h=150&fit=crop&crop=faces","testimonials","dfacbfc6-b1c6-4c63-a815-18f6fe58949c","image_url",10781,10.53,0.01,"image/jpeg","NO","FLAGGED (Missing f_auto,q_auto)"
"https://images.unsplash.com/photo-1571019614242-c5c5dee9f50b?w=150&h=150&fit=crop&crop=faces","testimonials","037fcec5-eefa-43ab-8acb-1510fcf81fa7","image_url",10781,10.53,0.01,"image/jpeg","NO","FLAGGED (Missing f_auto,q_auto)"
"https://images.unsplash.com/photo-1549476464-37392f717541?w=150&h=150&fit=crop&crop=faces","testimonials","94bb19e8-2020-4b4d-ac31-6346cc0a78b5","image_url",9598,9.37,0.01,"image/jpeg","NO","FLAGGED (Missing f_auto,q_auto)"
"https://images.unsplash.com/photo-1549476464-37392f717541?w=150&h=150&fit=crop&crop=faces","testimonials","489fe37b-ffa5-48d3-bd88-a17801c1eabc","image_url",9598,9.37,0.01,"image/jpeg","NO","FLAGGED (Missing f_auto,q_auto)"
"https://images.unsplash.com/photo-1571019613454-1cb2f99b2d8b?w=150&h=150&fit=crop&crop=faces","testimonials","5487e531-a684-4563-aaf0-d83472c45fc5","image_url",9404,9.18,0.01,"image/jpeg","NO","FLAGGED (Missing f_auto,q_auto)"
"https://images.unsplash.com/photo-1519351414974-61d8e594c5d6?w=150&h=150&fit=crop&crop=faces","testimonials","b953ffa2-cfb0-4b90-a662-135b2202be0d","image_url",29,0.03,0.00,"text/html,text/html","NO","FLAGGED (Missing f_auto,q_auto)"
"https://images.unsplash.com/photo-1563375853373-15b7816d3c3d?w=150&h=150&fit=crop&crop=faces","testimonials","85a8fd7b-4474-4bd0-9fc2-22166f261318","image_url",29,0.03,0.00,"text/html,text/html","NO","FLAGGED (Missing f_auto,q_auto)"
"https://images.unsplash.com/photo-1519351414974-61d8e594c5d6?w=150&h=150&fit=crop&crop=faces","testimonials","70a4de53-01b6-4fc7-94d9-175730014257","image_url",29,0.03,0.00,"text/html,text/html","NO","FLAGGED (Missing f_auto,q_auto)"
"https://images.unsplash.com/photo-1567532939604-b6b5b0e1607d?w=150&h=150&fit=crop&crop=faces","testimonials","170733c0-54b6-40c9-9529-f38e5b05f510","image_url",29,0.03,0.00,"text/html,text/html","NO","FLAGGED (Missing f_auto,q_auto)"
"https://github.com/Rahulroy0307/rajlakshmi/blob/main/Raj_Luxmi_Alambagh_Sweets/Kishmish.jpg","products","1abf630d-80aa-4d89-93fb-745e7a775f3c","images[0]",0,0.00,0.00,"text/html; charset=utf-8","NO","FLAGGED (Missing f_auto,q_auto)"
"https://github.com/Rahulroy0307/rajlakshmi/blob/main/Raj_Luxmi_Alambagh_Sweets/Pistachio.jpg","products","6394292a-b758-4c45-9027-26946e731088","images[0]",0,0.00,0.00,"text/html; charset=utf-8","NO","FLAGGED (Missing f_auto,q_auto)"
"https://github.com/Rahulroy0307/rajlakshmi/blob/main/Raj_Luxmi_Alambagh_Sweets/Almonds.jpg","products","5af95d6e-af3e-4b53-9815-0c313d4e8acd","images[0]",0,0.00,0.00,"text/html; charset=utf-8","NO","FLAGGED (Missing f_auto,q_auto)"
"https://github.com/Rahulroy0307/rajlakshmi/blob/main/Raj_Luxmi_Alambagh_Sweets/Raj_Bhog.jpg","products","5a80c704-da5f-4005-9420-545705d1909d","images[0]",0,0.00,0.00,"text/html; charset=utf-8","NO","FLAGGED (Missing f_auto,q_auto)"
"https://github.com/Rahulroy0307/rajlakshmi/blob/main/Raj_Luxmi_Alambagh_Sweets/Mangalore_Kaju.jpg","products","9141a99a-7b5f-4fd8-960e-1fcb56185f15","images[0]",0,0.00,0.00,"text/html; charset=utf-8","NO","FLAGGED (Missing f_auto,q_auto)"
"https://github.com/Rahulroy0307/rajlakshmi/blob/main/Raj_Luxmi_Alambagh_Sweets/Rasmalai.jpg","products","a6e7ba69-7984-4aa3-ab8c-3f2f8ed0dc42","images[0]",0,0.00,0.00,"text/html; charset=utf-8","NO","FLAGGED (Missing f_auto,q_auto)"
"https://github.com/Rahulroy0307/rajlakshmi/blob/main/Raj_Luxmi_Alambagh_Sweets/Pudina_Mixture.jpg","products","5c8d10bb-9726-4a3b-9929-4275ff162820","images[0]",0,0.00,0.00,"text/html; charset=utf-8","NO","FLAGGED (Missing f_auto,q_auto)"
"https://github.com/Rahulroy0307/rajlakshmi/blob/main/Raj_Luxmi_Alambagh_Sweets/Kaju_Kalash.jpg","products","b974280a-1c8e-4ed8-ba2a-1fc5b1c7f6d1","images[0]",0,0.00,0.00,"text/html; charset=utf-8","NO","FLAGGED (Missing f_auto,q_auto)"
"https://github.com/Rahulroy0307/rajlakshmi/blob/main/Raj_Luxmi_Alambagh_Sweets/Kaju_Anjeer_Laddu.jpg","products","8b77b3e1-4ab5-43bf-96b1-096d41218edf","images[0]",0,0.00,0.00,"text/html; charset=utf-8","NO","FLAGGED (Missing f_auto,q_auto)"
"https://github.com/Rahulroy0307/rajlakshmi/blob/main/Raj_Luxmi_Alambagh_Sweets/Motichoor_Laddu_2.jpg","products","ff468749-dfec-4301-90fd-f562a14d9a0b","images[0]",0,0.00,0.00,"text/html; charset=utf-8","NO","FLAGGED (Missing f_auto,q_auto)"